[{"username":"abolfazl","password":"Aa1!1111","score":18,"levelTime":"00:09","avatarResource":"file:/D:/AdvancedProgramingFazli/Practices/practice2/Aa/demo/target/classes/avatars/avatar2.png"},{"username":"empty","password":"","score":0,"levelTime":"00:00"},{"username":"empty","password":"1","score":0,"levelTime":"00:00"},{"username":"empty","password":"11","score":0,"levelTime":"00:00"},{"username":"empty","password":"111","score":0,"levelTime":"00:00"},{"username":"empty","password":"1111","score":0,"levelTime":"00:00"},{"username":"empty","password":"11111","score":0,"levelTime":"00:00"},{"username":"empty","password":"111111","score":0,"levelTime":"00:00"},{"username":"empty","password":"1111111","score":0,"levelTime":"00:00"},{"username":"empty","password":"11111111","score":0,"levelTime":"00:00"},{"username":"Aboli","password":"Aa1!1111","score":0,"levelTime":"00:00","avatarResource":"file:/D:/AdvancedProgramingFazli/Practices/practice2/Aa/demo/target/classes/avatars/avatar6.png"},{"username":"usef","password":"Aa1!1111","score":18,"levelTime":"00:00","avatarResource":"file:/D:/AdvancedProgramingFazli/Practices/practice2/Aa/demo/target/classes/avatars/avatar4.png"}]